tienda,sucursal,sku,nombre,categoria_url,en_stock,precio_bulto_cerrado,precio_bulto_cerrado_lista,precio_unitario,presentaciones,url_producto,fecha_scrape
maxiconsumo,sucursal_trelew,28084,SALAMIN L.CASONA BAS.PI.FINO 1 kg,https://www.maxiconsumo.com/sucursal_trelew/frescos.html,True,21319.9,,21319.9,,https://www.maxiconsumo.com/sucursal_trelew/frescos/salamin-l-casona-bas-pi-fino-1-kg-28084.html,2026-08-15T15:22:41.426801
maxiconsumo,sucursal_trelew,28851,BONDIOLITAS CAGNOLI X 200 GR 2 UN,https://www.maxiconsumo.com/sucursal_trelew/frescos.html,True,4009.9,,4009.9,,https://www.maxiconsumo.com/sucursal_trelew/frescos/bondiolitas-cagnoli-x-200-gr-2-un-28851.html,2026-08-15T15:22:41.427311
maxiconsumo,sucursal_trelew,5843,CREMA LA PAULINA 350 CC,https://www.maxiconsumo.com/sucursal_trelew/frescos.html,True,3849.89,,3849.89,,https://www.maxiconsumo.com/sucursal_trelew/frescos/crema-la-paulina-350-cc-5843.html,2026-08-15T15:22:41.427627
maxiconsumo,sucursal_trelew,26071,SALAMIN LA CASONA PICADO FINO AV 180 gr,https://www.maxiconsumo.com/sucursal_trelew/frescos.html,True,2889.89,,2889.89,,https://www.maxiconsumo.com/sucursal_trelew/frescos/salamin-la-casona-picado-fino-av-180-gr-26071.html,2026-08-15T15:22:41.427920
maxiconsumo,sucursal_trelew,27193,SALAMIN CHAMPION GRUESO 1 kg,https://www.maxiconsumo.com/sucursal_trelew/frescos.html,True,15989.9,,15989.9,,https://www.maxiconsumo.com/sucursal_trelew/frescos/salamin-champion-grueso-1-kg-27193.html,2026-08-15T15:22:41.428209
maxiconsumo,sucursal_trelew,27029,SALAMIN LA CASONA PICADO GRUESO 1 KG,https://www.maxiconsumo.com/sucursal_trelew/frescos.html,True,17369.89,,17369.89,,https://www.maxiconsumo.com/sucursal_trelew/frescos/salamin-la-casona-picado-grueso-1-kg-27029.html,2026-08-15T15:22:41.428502
maxiconsumo,sucursal_trelew,27277,SALAMIN LA CASONA BASTON PICADO GRUESO 1 KG,https://www.maxiconsumo.com/sucursal_trelew/frescos.html,True,21319.9,,21319.9,,https://www.maxiconsumo.com/sucursal_trelew/frescos/salamin-la-casona-baston-picado-grueso-1-kg-27277.html,2026-08-15T15:22:41.428977
maxiconsumo,sucursal_trelew,9408,SALAMIN 214 FINO 1 KG,https://www.maxiconsumo.com/sucursal_trelew/frescos.html,True,21749.9,,21749.9,,https://www.maxiconsumo.com/sucursal_trelew/frescos/salamin-214-fino-1-kg-9408.html,2026-08-15T15:22:41.429324
maxiconsumo,sucursal_trelew,9409,SALAMIN 214 GRUESO 1 KG,https://www.maxiconsumo.com/sucursal_trelew/frescos.html,True,21749.9,,21749.9,,https://www.maxiconsumo.com/sucursal_trelew/frescos/salamin-214-grueso-1-kg-9409.html,2026-08-15T15:22:41.429622
maxiconsumo,sucursal_trelew,27274,FIAMBRE LA RESIDENCIA RECTANGULAR 1 kg,https://www.maxiconsumo.com/sucursal_trelew/frescos.html,True,6629.89,,6629.89,,https://www.maxiconsumo.com/sucursal_trelew/frescos/fiambre-la-residencia-rectangular-1-kg-27274.html,2026-08-15T15:22:41.429918
maxiconsumo,sucursal_trelew,12297,FIAMBRE DE CERDO 214 PATA 1 KG,https://www.maxiconsumo.com/sucursal_trelew/frescos.html,True,11899.9,,11899.9,,https://www.maxiconsumo.com/sucursal_trelew/frescos/fiambre-de-cerdo-214-pata-1-kg-12297.html,2026-08-15T15:22:41.430211
maxiconsumo,sucursal_trelew,27523,SALCHICHON LA CASONA PRIMAVERA 1 KG,https://www.maxiconsumo.com/sucursal_trelew/frescos.html,True,7799.89,,7799.89,,https://www.maxiconsumo.com/sucursal_trelew/frescos/salchichon-la-casona-primavera-1-kg-27523.html,2026-08-15T15:22:41.430558
maxiconsumo,sucursal_trelew,7190,MORTADELA CHAMPION BOCHA 1 KG,https://www.maxiconsumo.com/sucursal_trelew/frescos.html,True,7949.91,,7949.91,,https://www.maxiconsumo.com/sucursal_trelew/frescos/mortadela-champion-bocha-1-kg-7190.html,2026-08-15T15:22:41.430857
maxiconsumo,sucursal_trelew,23609,FIAMBRE DE CERDO MAROLIO PATA 1 KG,https://www.maxiconsumo.com/sucursal_trelew/frescos.html,True,8569.9,,8569.9,,https://www.maxiconsumo.com/sucursal_trelew/frescos/fiambre-de-cerdo-marolio-pata-1-kg-23609.html,2026-08-15T15:22:41.431146
maxiconsumo,sucursal_trelew,26068,MORTADELA LA CASONA BOCHA CHICA 1 KG,https://www.maxiconsumo.com/sucursal_trelew/frescos.html,True,8689.89,,8689.89,,https://www.maxiconsumo.com/sucursal_trelew/frescos/mortadela-la-casona-bocha-chica-1-kg-26068.html,2026-08-15T15:22:41.431428
maxiconsumo,sucursal_trelew,28633,CARBON HAY FUEGO DE LEÑA 4 KG,https://www.maxiconsumo.com/sucursal_trelew/frescos.html,True,8699.9,,8699.9,,https://www.maxiconsumo.com/sucursal_trelew/frescos/carbon-hay-fuego-de-lena-4-kg-28633.html,2026-08-15T15:22:41.431710
maxiconsumo,sucursal_trelew,18054,PANCETA MAROLIO AHUMADA TIERNIZADA X 1 KG,https://www.maxiconsumo.com/sucursal_trelew/frescos.html,True,10109.89,,10109.89,,https://www.maxiconsumo.com/sucursal_trelew/frescos/panceta-marolio-ahumada-tiernizada-x-1-kg-18054.html,2026-08-15T15:22:41.431992
maxiconsumo,sucursal_trelew,17242,FIAMBRE DE CERDO SADIA 1 KG,https://www.maxiconsumo.com/sucursal_trelew/frescos.html,True,11224.9,,11224.9,,https://www.maxiconsumo.com/sucursal_trelew/frescos/fiambre-de-cerdo-sadia-1-kg-17242.html,2026-08-15T15:22:41.432275
maxiconsumo,sucursal_trelew,17241,JAMON COCIDO SADIA 1 KG,https://www.maxiconsumo.com/sucursal_trelew/frescos.html,True,11999.9,,11999.9,,https://www.maxiconsumo.com/sucursal_trelew/frescos/jamon-cocido-sadia-1-kg-17241.html,2026-08-15T15:22:41.432564
maxiconsumo,sucursal_trelew,18051,JAMON COCIDO MAROLIO 1 KG,https://www.maxiconsumo.com/sucursal_trelew/frescos.html,True,12309.9,,12309.9,,https://www.maxiconsumo.com/sucursal_trelew/frescos/jamon-cocido-marolio-1-kg-18051.html,2026-08-15T15:22:41.432846
maxiconsumo,sucursal_trelew,26070,SALAME LA RESIDENCIA MILA 1/2 FINO 1 KG,https://www.maxiconsumo.com/sucursal_trelew/frescos.html,True,12969.89,,12969.89,,https://www.maxiconsumo.com/sucursal_trelew/frescos/salame-la-residencia-mila-1-2-fino-1-kg-26070.html,2026-08-15T15:22:41.433127
maxiconsumo,sucursal_trelew,18560,SALAME MAROLIO PAPEL 1 KG,https://www.maxiconsumo.com/sucursal_trelew/frescos.html,True,13549.89,,13549.89,,https://www.maxiconsumo.com/sucursal_trelew/frescos/salame-marolio-papel-1-kg-18560.html,2026-08-15T15:22:41.433405
maxiconsumo,sucursal_trelew,18053,SALAME MAROLIO MILAN 1/2 1 KG,https://www.maxiconsumo.com/sucursal_trelew/frescos.html,True,14249.9,,14249.9,,https://www.maxiconsumo.com/sucursal_trelew/frescos/salame-marolio-milan-1-2-1-kg-18053.html,2026-08-15T15:22:41.433683
maxiconsumo,sucursal_trelew,9144,SALAME CHAMPION MILAN 1 KG,https://www.maxiconsumo.com/sucursal_trelew/frescos.html,True,16769.9,,16769.9,,https://www.maxiconsumo.com/sucursal_trelew/frescos/salame-champion-milan-1-kg-9144.html,2026-08-15T15:22:41.433966
maxiconsumo,sucursal_trelew,24529,SALAMIN CHACRA 43 PICAO FINO 1 KG,https://www.maxiconsumo.com/sucursal_trelew/frescos.html,True,17999.9,,17999.9,,https://www.maxiconsumo.com/sucursal_trelew/frescos/salamin-chacra-43-picao-fino-1-kg-24529.html,2026-08-15T15:22:41.434257
maxiconsumo,sucursal_trelew,24531,SALAMIN CHACRA43 PICADO GRUESO 1 KG,https://www.maxiconsumo.com/sucursal_trelew/frescos.html,True,17999.9,,17999.9,,https://www.maxiconsumo.com/sucursal_trelew/frescos/salamin-chacra43-picado-grueso-1-kg-24531.html,2026-08-15T15:22:41.434555
maxiconsumo,sucursal_trelew,24528,SALAME CHACRA 43 BASTON PICADO GRUESO 1 KG,https://www.maxiconsumo.com/sucursal_trelew/frescos.html,True,19999.9,,19999.9,,https://www.maxiconsumo.com/sucursal_trelew/frescos/salame-chacra-43-baston-picado-grueso-1-kg-24528.html,2026-08-15T15:22:41.434843
maxiconsumo,sucursal_trelew,9445,PANCETA 214 AHUMADA CON CUERO 1 KG,https://www.maxiconsumo.com/sucursal_trelew/frescos.html,True,22159.9,,22159.9,,https://www.maxiconsumo.com/sucursal_trelew/frescos/panceta-214-ahumada-con-cuero-1-kg-9445.html,2026-08-15T15:22:41.435138
maxiconsumo,sucursal_trelew,25052,SALAME CAGNOLI BASTON PICADO FINO 1 KG,https://www.maxiconsumo.com/sucursal_trelew/frescos.html,True,22499.89,,22499.89,,https://www.maxiconsumo.com/sucursal_trelew/frescos/salame-cagnoli-baston-picado-fino-1-kg-25052.html,2026-08-15T15:22:41.435424
maxiconsumo,sucursal_trelew,25053,SALAMIN CAGNOLI BASTON PICAGO GRUESO 1 KG,https://www.maxiconsumo.com/sucursal_trelew/frescos.html,True,22499.89,,22499.89,,https://www.maxiconsumo.com/sucursal_trelew/frescos/salamin-cagnoli-baston-picago-grueso-1-kg-25053.html,2026-08-15T15:22:41.435710
maxiconsumo,sucursal_trelew,9449,CANDELARIO 214 1 KG,https://www.maxiconsumo.com/sucursal_trelew/frescos.html,True,23589.89,,23589.89,,https://www.maxiconsumo.com/sucursal_trelew/frescos/candelario-214-1-kg-9449.html,2026-08-15T15:22:41.435995
maxiconsumo,sucursal_trelew,9429,LONGANIZA 214 CALABRESA 1 KG,https://www.maxiconsumo.com/sucursal_trelew/frescos.html,True,23769.89,,23769.89,,https://www.maxiconsumo.com/sucursal_trelew/frescos/longaniza-214-calabresa-1-kg-9429.html,2026-08-15T15:22:41.436290
maxiconsumo,sucursal_trelew,18056,BONDIOLA MAROLIO ENVASADA AL VACIO 1 KG,https://www.maxiconsumo.com/sucursal_trelew/frescos.html,True,26779.89,,26779.89,,https://www.maxiconsumo.com/sucursal_trelew/frescos/bondiola-marolio-envasada-al-vacio-1-kg-18056.html,2026-08-15T15:22:41.436576
maxiconsumo,sucursal_trelew,18055,JAMON CRUDO MAROLIO 1 KG,https://www.maxiconsumo.com/sucursal_trelew/frescos.html,True,29999.89,,29999.89,,https://www.maxiconsumo.com/sucursal_trelew/frescos/jamon-crudo-marolio-1-kg-18055.html,2026-08-15T15:22:41.436864
maxiconsumo,sucursal_trelew,19016,FLAN MAROLIO CHOCOLATE 60 GR,https://www.maxiconsumo.com/sucursal_trelew/frescos.html,True,999.9,,1149.88,,https://www.maxiconsumo.com/sucursal_trelew/frescos/flan-marolio-chocolate-60-gr-19016.html,2026-08-15T15:22:41.437147
maxiconsumo,sucursal_trelew,16990,FLAN RAVANA CHOCOLATE 60 GR,https://www.maxiconsumo.com/sucursal_trelew/frescos.html,True,1099.89,,1264.87,,https://www.maxiconsumo.com/sucursal_trelew/frescos/flan-ravana-chocolate-60-gr-16990.html,2026-08-15T15:22:41.437426
maxiconsumo,sucursal_trelew,27626,CHORIZO SWIFT DE CERDO 400 GR,https://www.maxiconsumo.com/sucursal_trelew/frescos.html,True,4799.9,,4799.9,,https://www.maxiconsumo.com/sucursal_trelew/frescos/chorizo-swift-de-cerdo-400-gr-27626.html,2026-08-15T15:22:41.437706
maxiconsumo,sucursal_trelew,21970,MUZZARELLA MAROLIO GRANDE 1 KG,https://www.maxiconsumo.com/sucursal_trelew/frescos.html,True,9799.9,,9799.9,,https://www.maxiconsumo.com/sucursal_trelew/frescos/muzzarella-marolio-grande-1-kg-21970.html,2026-08-15T15:22:41.437983
maxiconsumo,sucursal_trelew,21971,MUZZARELLA MAROLIO CHICA 1 KG,https://www.maxiconsumo.com/sucursal_trelew/frescos.html,True,9999.9,,9999.9,,https://www.maxiconsumo.com/sucursal_trelew/frescos/muzzarella-marolio-chica-1-kg-21971.html,2026-08-15T15:22:41.438270
maxiconsumo,sucursal_trelew,28877,QUEBRACHO COLORADO 10 KG,https://www.maxiconsumo.com/sucursal_trelew/frescos.html,True,10999.89,,10999.89,,https://www.maxiconsumo.com/sucursal_trelew/frescos/quebracho-colorado-10-kg-28877.html,2026-08-15T15:22:41.438554
maxiconsumo,sucursal_trelew,21973,MUZZARELLA MAROLIO PORCION 1 KG,https://www.maxiconsumo.com/sucursal_trelew/frescos.html,True,11699.9,,11699.9,,https://www.maxiconsumo.com/sucursal_trelew/frescos/muzzarella-marolio-porcion-1-kg-21973.html,2026-08-15T15:22:41.438835
maxiconsumo,sucursal_trelew,9443,MUZZARELLA LA PAULINA 1 KG,https://www.maxiconsumo.com/sucursal_trelew/frescos.html,True,11989.9,,11989.9,,https://www.maxiconsumo.com/sucursal_trelew/frescos/muzzarella-la-paulina-1-kg-9443.html,2026-08-15T15:22:41.439115
maxiconsumo,sucursal_trelew,19532,PICADA CARNES CONGELADA 1 KG,https://www.maxiconsumo.com/sucursal_trelew/frescos.html,True,12999.91,,12999.91,,https://www.maxiconsumo.com/sucursal_trelew/frescos/picada-carnes-congelada-1-kg-19532.html,2026-08-15T15:22:41.439393
maxiconsumo,sucursal_trelew,28478,TAPA DE ASADO TF AL VACIO 1KG,https://www.maxiconsumo.com/sucursal_trelew/frescos.html,True,13699.9,,13699.9,,https://www.maxiconsumo.com/sucursal_trelew/frescos/tapa-de-asado-tf-al-vacio-1kg-28478.html,2026-08-15T15:22:41.439671
maxiconsumo,sucursal_trelew,19604,PALOMITA CARNES PORCION 1 KG,https://www.maxiconsumo.com/sucursal_trelew/frescos.html,True,13999.9,,13999.9,,https://www.maxiconsumo.com/sucursal_trelew/frescos/palomita-carnes-porcion-1-kg-19604.html,2026-08-15T15:22:41.439951
maxiconsumo,sucursal_trelew,28471,CUADRADA TF CARNES FETEADA CONGELADA 1 KG,https://www.maxiconsumo.com/sucursal_trelew/frescos.html,True,14999.9,,14999.9,,https://www.maxiconsumo.com/sucursal_trelew/frescos/cuadrada-tf-carnes-feteada-congelada-1-kg-28471.html,2026-08-15T15:22:41.440230
maxiconsumo,sucursal_trelew,19675,TORTUGUITA CARNES PORCION 1 KG,https://www.maxiconsumo.com/sucursal_trelew/frescos.html,True,15999.9,,15999.9,,https://www.maxiconsumo.com/sucursal_trelew/frescos/tortuguita-carnes-porcion-1-kg-19675.html,2026-08-15T15:22:41.440521
maxiconsumo,sucursal_trelew,28474,NALGA TF CARNES FETEADA CONGELADA 1 KG,https://www.maxiconsumo.com/sucursal_trelew/frescos.html,True,17999.9,,17999.9,,https://www.maxiconsumo.com/sucursal_trelew/frescos/nalga-tf-carnes-feteada-congelada-1-kg-28474.html,2026-08-15T15:22:41.440798
maxiconsumo,sucursal_trelew,28479,VACIO TF CARNE COGELADO 1 KG,https://www.maxiconsumo.com/sucursal_trelew/frescos.html,True,18999.9,,18999.9,,https://www.maxiconsumo.com/sucursal_trelew/frescos/vacio-tf-carne-cogelado-1-kg-28479.html,2026-08-15T15:22:41.441074
maxiconsumo,sucursal_trelew,28476,PECETO TF CARNES PORCION CONGELADO 1 KG,https://www.maxiconsumo.com/sucursal_trelew/frescos.html,True,21999.9,,21999.9,,https://www.maxiconsumo.com/sucursal_trelew/frescos/peceto-tf-carnes-porcion-congelado-1-kg-28476.html,2026-08-15T15:22:41.441350
maxiconsumo,sucursal_trelew,19600,PICAÑA TAPA DE CUADRIL CARNES PORCION 1 KG,https://www.maxiconsumo.com/sucursal_trelew/frescos.html,True,21999.9,,21999.9,,https://www.maxiconsumo.com/sucursal_trelew/frescos/picana-tapa-de-cuadril-carnes-porcion-1-kg-19600.html,2026-08-15T15:22:41.441624
maxiconsumo,sucursal_trelew,28469,BIFE DE CHORIZO TF AL VACIO 1 KG,https://www.maxiconsumo.com/sucursal_trelew/frescos.html,True,22999.9,,22999.9,,https://www.maxiconsumo.com/sucursal_trelew/frescos/bife-de-chorizo-tf-al-vacio-1-kg-28469.html,2026-08-15T15:22:41.441900
maxiconsumo,sucursal_trelew,19605,OJO DE BIFE CARNES PORCION  1 KG,https://www.maxiconsumo.com/sucursal_trelew/frescos.html,True,23999.9,,23999.9,,https://www.maxiconsumo.com/sucursal_trelew/frescos/ojo-de-bife-carnes-porcion-1-kg-19605.html,2026-08-15T15:22:41.442179
maxiconsumo,sucursal_trelew,19712,LOMO CARNES CON CORDON 1 KG,https://www.maxiconsumo.com/sucursal_trelew/frescos.html,True,26999.9,,26999.9,,https://www.maxiconsumo.com/sucursal_trelew/frescos/lomo-carnes-con-cordon-1-kg-19712.html,2026-08-15T15:22:41.442464
maxiconsumo,sucursal_trelew,25920,GRASA DOÑA FLORA VACA 500 gr,https://www.maxiconsumo.com/sucursal_trelew/frescos.html,True,2199.9,,2529.89,,https://www.maxiconsumo.com/sucursal_trelew/frescos/grasa-dona-flora-vaca-500-gr-25920.html,2026-08-15T15:22:41.442742
maxiconsumo,sucursal_trelew,1189,GRASA SWIFT VACUNA 500 GR,https://www.maxiconsumo.com/sucursal_trelew/frescos.html,True,3399.89,,3909.88,,https://www.maxiconsumo.com/sucursal_trelew/frescos/grasa-swift-vacuna-500-gr-1189.html,2026-08-15T15:22:41.443025
maxiconsumo,sucursal_trelew,9201,MARGARINA DANICA SOFT POTE 200 GR,https://www.maxiconsumo.com/sucursal_trelew/frescos.html,True,1399.9,,1399.9,,https://www.maxiconsumo.com/sucursal_trelew/frescos/margarina-danica-soft-pote-200-gr-9201.html,2026-08-15T15:22:41.443311
maxiconsumo,sucursal_trelew,5467,MARGARINA MARGADAN PAN 200 GR,https://www.maxiconsumo.com/sucursal_trelew/frescos.html,True,1499.9,,1499.9,,https://www.maxiconsumo.com/sucursal_trelew/frescos/margarina-margadan-pan-200-gr-5467.html,2026-08-15T15:22:41.443594
maxiconsumo,sucursal_trelew,26390,LECHE ANGELITA LARGA VIDA LIVIANA 1 LT,https://www.maxiconsumo.com/sucursal_trelew/frescos.html,True,1849.9,,2127.38,,https://www.maxiconsumo.com/sucursal_trelew/frescos/leche-angelita-larga-vida-liviana-1-lt-26390.html,2026-08-15T15:22:41.443877
maxiconsumo,sucursal_trelew,5453,MARGARINA DANICA EQUILIBRIO POTE 220 GR,https://www.maxiconsumo.com/sucursal_trelew/frescos.html,True,2299.9,,2299.9,,https://www.maxiconsumo.com/sucursal_trelew/frescos/margarina-danica-equilibrio-pote-220-gr-5453.html,2026-08-15T15:22:41.444257
maxiconsumo,sucursal_trelew,22624,LECHE SANCOR BEBE ADVANCE 1 500 ML,https://www.maxiconsumo.com/sucursal_trelew/frescos.html,True,4799.9,,4799.9,,https://www.maxiconsumo.com/sucursal_trelew/frescos/leche-sancor-bebe-advance-1-500-ml-22624.html,2026-08-15T15:22:41.444653
maxiconsumo,sucursal_trelew,25624,MANTECA PRIMER PREMIO PAN 500 GR,https://www.maxiconsumo.com/sucursal_trelew/frescos.html,True,6689.9,,6689.9,,https://www.maxiconsumo.com/sucursal_trelew/frescos/manteca-primer-premio-pan-500-gr-25624.html,2026-08-15T15:22:41.444944
maxiconsumo,sucursal_trelew,17682,LECHE SANCOR BEBE ADVANCE 3 1 LT,https://www.maxiconsumo.com/sucursal_trelew/frescos.html,True,8699.9,,8699.9,,https://www.maxiconsumo.com/sucursal_trelew/frescos/leche-sancor-bebe-advance-3-1-lt-17682.html,2026-08-15T15:22:41.445229
maxiconsumo,sucursal_trelew,25376,LECHE NIDO 3 200 ml,https://www.maxiconsumo.com/sucursal_trelew/frescos.html,True,1099.89,,1099.89,,https://www.maxiconsumo.com/sucursal_trelew/frescos/leche-nido-3-200-ml-25376.html,2026-08-15T15:22:41.445513
maxiconsumo,sucursal_trelew,25938,LECHE NESTLE NIDINA 1 200 ml,https://www.maxiconsumo.com/sucursal_trelew/frescos.html,True,1499.89,,1499.89,,https://www.maxiconsumo.com/sucursal_trelew/frescos/leche-nestle-nidina-1-200-ml-25938.html,2026-08-15T15:22:41.445807
maxiconsumo,sucursal_trelew,25939,LECHE NESTLE NIDINA 2 200 ml,https://www.maxiconsumo.com/sucursal_trelew/frescos.html,True,1499.89,,1499.89,,https://www.maxiconsumo.com/sucursal_trelew/frescos/leche-nestle-nidina-2-200-ml-25939.html,2026-08-15T15:22:41.446117
maxiconsumo,sucursal_trelew,27510,LECHE SANCOR BEBE ADVANCE 1 200 ML,https://www.maxiconsumo.com/sucursal_trelew/frescos.html,True,2199.89,,2199.89,,https://www.maxiconsumo.com/sucursal_trelew/frescos/leche-sancor-bebe-advance-1-200-ml-27510.html,2026-08-15T15:22:41.446414
maxiconsumo,sucursal_trelew,27511,LECHE SANCOR BB ADVANCE 2 200 ml,https://www.maxiconsumo.com/sucursal_trelew/frescos.html,True,2199.89,,2199.89,,https://www.maxiconsumo.com/sucursal_trelew/frescos/leche-sancor-bb-advance-2-200-ml-27511.html,2026-08-15T15:22:41.446704
maxiconsumo,sucursal_trelew,27512,LECHE SANCOR BB ADVANCE 3 200 ML,https://www.maxiconsumo.com/sucursal_trelew/frescos.html,True,2199.89,,2199.89,,https://www.maxiconsumo.com/sucursal_trelew/frescos/leche-sancor-bb-advance-3-200-ml-27512.html,2026-08-15T15:22:41.446988
maxiconsumo,sucursal_trelew,22625,LECHE SANCOR BEBE ADVANCE 2 500 ML,https://www.maxiconsumo.com/sucursal_trelew/frescos.html,True,4799.9,,4799.9,,https://www.maxiconsumo.com/sucursal_trelew/frescos/leche-sancor-bebe-advance-2-500-ml-22625.html,2026-08-15T15:22:41.447266
maxiconsumo,sucursal_trelew,29031,LEVADURA LEVEX CENTENO 10 GR,https://www.maxiconsumo.com/sucursal_trelew/frescos.html,True,649.89,,649.89,,https://www.maxiconsumo.com/sucursal_trelew/frescos/levadura-levex-centeno-10-gr-29031.html,2026-08-15T15:22:41.447544
maxiconsumo,sucursal_trelew,27157,LEVADURA LEVEX MASA MADRE 13 GR,https://www.maxiconsumo.com/sucursal_trelew/frescos.html,True,649.9,,649.9,,https://www.maxiconsumo.com/sucursal_trelew/frescos/levadura-levex-masa-madre-13-gr-27157.html,2026-08-15T15:22:41.447819
maxiconsumo,sucursal_trelew,9787,LEVADURA LEVEX 2X10 GR,https://www.maxiconsumo.com/sucursal_trelew/frescos.html,True,849.89,,849.89,,https://www.maxiconsumo.com/sucursal_trelew/frescos/levadura-levex-2x10-gr-9787.html,2026-08-15T15:22:41.448096
maxiconsumo,sucursal_trelew,24611,LEVADURA LEVEX CON MASA MADRE 12 GR,https://www.maxiconsumo.com/sucursal_trelew/frescos.html,True,649.9,,649.9,,https://www.maxiconsumo.com/sucursal_trelew/frescos/levadura-levex-con-masa-madre-12-gr-24611.html,2026-08-15T15:22:41.448380
maxiconsumo,sucursal_trelew,28852,LOMITOS CAGNOLI X 200 GR 2 UN,https://www.maxiconsumo.com/sucursal_trelew/frescos.html,True,4009.9,,4009.9,,https://www.maxiconsumo.com/sucursal_trelew/frescos/lomitos-cagnoli-x-200-gr-2-un-28852.html,2026-08-15T15:22:41.448656
maxiconsumo,sucursal_trelew,14265,MANTECA PRIMER PREMIO 100 GR,https://www.maxiconsumo.com/sucursal_trelew/frescos.html,True,1299.9,,1299.9,,https://www.maxiconsumo.com/sucursal_trelew/frescos/manteca-primer-premio-100-gr-14265.html,2026-08-15T15:22:41.448932
maxiconsumo,sucursal_trelew,14266,MANTECA PRIMER PREMIO 200 GR,https://www.maxiconsumo.com/sucursal_trelew/frescos.html,True,2389.9,,2389.9,,https://www.maxiconsumo.com/sucursal_trelew/frescos/manteca-primer-premio-200-gr-14266.html,2026-08-15T15:22:41.449206
maxiconsumo,sucursal_trelew,17037,MANTECA LA PAULINA 500 GR,https://www.maxiconsumo.com/sucursal_trelew/frescos.html,True,9449.89,,9449.89,,https://www.maxiconsumo.com/sucursal_trelew/frescos/manteca-la-paulina-500-gr-17037.html,2026-08-15T15:22:41.449482
maxiconsumo,sucursal_trelew,21837,"MANTECA PRIMER PREMIO 2,5 KG",https://www.maxiconsumo.com/sucursal_trelew/frescos.html,True,33889.9,,33889.9,,https://www.maxiconsumo.com/sucursal_trelew/frescos/manteca-primer-premio-2-5-kg-21837.html,2026-08-15T15:22:41.449760
maxiconsumo,sucursal_trelew,5466,MARGARINA DANICA DORADA POTE 250 GR,https://www.maxiconsumo.com/sucursal_trelew/frescos.html,True,2099.89,,2099.89,,https://www.maxiconsumo.com/sucursal_trelew/frescos/margarina-danica-dorada-pote-250-gr-5466.html,2026-08-15T15:22:41.450044
maxiconsumo,sucursal_trelew,27848,MARGARINA MARGADAN PAN 500 GR,https://www.maxiconsumo.com/sucursal_trelew/frescos.html,True,3560.0,,3560.0,,https://www.maxiconsumo.com/sucursal_trelew/frescos/margarina-margadan-pan-500-gr-27848.html,2026-08-15T15:22:41.450322
maxiconsumo,sucursal_trelew,5457,MARGARINA DANICA PAN 500 GR,https://www.maxiconsumo.com/sucursal_trelew/frescos.html,True,4149.9,,4149.9,,https://www.maxiconsumo.com/sucursal_trelew/frescos/margarina-danica-pan-500-gr-5457.html,2026-08-15T15:22:41.450600
maxiconsumo,sucursal_trelew,26452,MORTADELA LA CASONA FAMILIAR 300 GR,https://www.maxiconsumo.com/sucursal_trelew/frescos.html,True,4149.89,,4149.89,,https://www.maxiconsumo.com/sucursal_trelew/frescos/mortadela-la-casona-familiar-300-gr-26452.html,2026-08-15T15:22:41.450883
maxiconsumo,sucursal_trelew,26454,MORTADELA LA RESIDENCIA CILINDRO 1 KG,https://www.maxiconsumo.com/sucursal_trelew/frescos.html,True,7179.9,,7179.9,,https://www.maxiconsumo.com/sucursal_trelew/frescos/mortadela-la-residencia-cilindro-1-kg-26454.html,2026-08-15T15:22:41.451163
maxiconsumo,sucursal_trelew,27027,PANCETA LA CASONA AHUMADA 1 kg,https://www.maxiconsumo.com/sucursal_trelew/frescos.html,True,17349.9,,17349.9,,https://www.maxiconsumo.com/sucursal_trelew/frescos/panceta-la-casona-ahumada-1-kg-27027.html,2026-08-15T15:22:41.451439
maxiconsumo,sucursal_trelew,27522,SALCHICHON LA CASONA CON JAMON 1 KG,https://www.maxiconsumo.com/sucursal_trelew/frescos.html,True,7799.89,,7799.89,,https://www.maxiconsumo.com/sucursal_trelew/frescos/salchichon-la-casona-con-jamon-1-kg-27522.html,2026-08-15T15:22:41.451717
maxiconsumo,sucursal_trelew,23554,QUESO LA QUESERA AZUL MITAD 1 KG,https://www.maxiconsumo.com/sucursal_trelew/frescos.html,True,18399.89,,18399.89,,https://www.maxiconsumo.com/sucursal_trelew/frescos/queso-la-quesera-azul-mitad-1-kg-23554.html,2026-08-15T15:22:41.452006
maxiconsumo,sucursal_trelew,24425,QUESO SUPER CREM CREMOSO 1 KG,https://www.maxiconsumo.com/sucursal_trelew/frescos.html,True,8999.9,,8999.9,,https://www.maxiconsumo.com/sucursal_trelew/frescos/queso-super-crem-cremoso-1-kg-24425.html,2026-08-15T15:22:41.452288
maxiconsumo,sucursal_trelew,5890,QUESO MAROLIO CREMOSO 1 KG,https://www.maxiconsumo.com/sucursal_trelew/frescos.html,True,8999.9,,8999.9,,https://www.maxiconsumo.com/sucursal_trelew/frescos/queso-marolio-cremoso-1-kg-5890.html,2026-08-15T15:22:41.452567
maxiconsumo,sucursal_trelew,21972,MUZZARELLA MAROLIO 1/4 HORMA 1 KG,https://www.maxiconsumo.com/sucursal_trelew/frescos.html,True,9149.9,,9149.9,,https://www.maxiconsumo.com/sucursal_trelew/frescos/muzzarella-marolio-1-4-horma-1-kg-21972.html,2026-08-15T15:22:41.452846
maxiconsumo,sucursal_trelew,21955,QUESO MAROLIO CREMOSO 1/4 HORMA 1 KG,https://www.maxiconsumo.com/sucursal_trelew/frescos.html,True,9599.9,,9599.9,,https://www.maxiconsumo.com/sucursal_trelew/frescos/queso-marolio-cremoso-1-4-horma-1-kg-21955.html,2026-08-15T15:22:41.453124
maxiconsumo,sucursal_trelew,18818,QUESO SAINT PAUL CREMOSO 1 KG,https://www.maxiconsumo.com/sucursal_trelew/frescos.html,True,9749.89,,9749.89,,https://www.maxiconsumo.com/sucursal_trelew/frescos/queso-saint-paul-cremoso-1-kg-18818.html,2026-08-15T15:22:41.453401
maxiconsumo,sucursal_trelew,21956,QUESO MAROLIO CREMOSO PORCION 1 KG,https://www.maxiconsumo.com/sucursal_trelew/frescos.html,True,9899.91,,9899.91,,https://www.maxiconsumo.com/sucursal_trelew/frescos/queso-marolio-cremoso-porcion-1-kg-21956.html,2026-08-15T15:22:41.453685
maxiconsumo,sucursal_trelew,11054,QUESO PUYEHUE POR SALUT 1 KG,https://www.maxiconsumo.com/sucursal_trelew/frescos.html,True,9999.9,,9999.9,,https://www.maxiconsumo.com/sucursal_trelew/frescos/queso-puyehue-por-salut-1-kg-11054.html,2026-08-15T15:22:41.453976
maxiconsumo,sucursal_trelew,21109,QUESO LA PAULINA DOBLE CREMA 1 KG,https://www.maxiconsumo.com/sucursal_trelew/frescos.html,True,10999.89,,10999.89,,https://www.maxiconsumo.com/sucursal_trelew/frescos/queso-la-paulina-doble-crema-1-kg-21109.html,2026-08-15T15:22:41.454259
maxiconsumo,sucursal_trelew,5831,QUESO LA PAULINA PORT SALUT 1 KG,https://www.maxiconsumo.com/sucursal_trelew/frescos.html,True,10999.89,,10999.89,,https://www.maxiconsumo.com/sucursal_trelew/frescos/queso-la-paulina-port-salut-1-kg-5831.html,2026-08-15T15:22:41.454540
maxiconsumo,sucursal_trelew,24275,MICROONDAS ATMA MECANICO 20 LT,https://www.maxiconsumo.com/sucursal_trelew/electro.html,True,170000.0,,170000.0,,https://www.maxiconsumo.com/sucursal_trelew/electro/microondas-atma-mecanico-20-lt-24275.html,2026-08-15T15:25:15.273283
maxiconsumo,sucursal_trelew,24517,"TV NOBLEX 43"" FHD 1 UN",https://www.maxiconsumo.com/sucursal_trelew/electro.html,True,503988.0,,503988.0,,https://www.maxiconsumo.com/sucursal_trelew/electro/tv-noblex-43-fhd-1-un-24517.html,2026-08-15T15:25:15.273622
maxiconsumo,sucursal_trelew,24267,CAFETERA ATMA 1.5 LTS 1UN,https://www.maxiconsumo.com/sucursal_trelew/electro.html,True,47997.0,,47997.0,,https://www.maxiconsumo.com/sucursal_trelew/electro/cafetera-atma-1-5-lts-1un-24267.html,2026-08-15T15:25:15.273909
maxiconsumo,sucursal_trelew,24994,"TV JVC 50"" 4K 1 UN",https://www.maxiconsumo.com/sucursal_trelew/electro.html,True,701988.0,,701988.0,,https://www.maxiconsumo.com/sucursal_trelew/electro/tv-jvc-50-4k-1-un-24994.html,2026-08-15T15:25:15.274186
maxiconsumo,sucursal_trelew,27481,"TV RCA 55"" GOOGLE TV 1 UN",https://www.maxiconsumo.com/sucursal_trelew/electro.html,True,755988.0,,755988.0,,https://www.maxiconsumo.com/sucursal_trelew/electro/tv-rca-55-google-tv-1-un-27481.html,2026-08-15T15:25:15.274462
maxiconsumo,sucursal_trelew,28298,VENTILADOR PHILCO INDUSTRIAL 26'' 1 UN,https://www.maxiconsumo.com/sucursal_trelew/electro.html,False,,,,,https://www.maxiconsumo.com/sucursal_trelew/electro/ventilador-philco-industrial-26-1-un-28298.html,2026-08-15T15:25:15.274740
maxiconsumo,sucursal_trelew,24262,PARLANTE PHILCO PARTY CON BLUETOOH 500 WT,https://www.maxiconsumo.com/sucursal_trelew/electro.html,False,,,,,https://www.maxiconsumo.com/sucursal_trelew/electro/parlante-philco-party-con-bluetooh-500-wt-24262.html,2026-08-15T15:25:15.274914
maxiconsumo,sucursal_trelew,24710,PARLANTE NOBLEX PORTATIL 45 W 1 UN,https://www.maxiconsumo.com/sucursal_trelew/electro.html,False,,,,,https://www.maxiconsumo.com/sucursal_trelew/electro/parlante-noblex-portatil-45-w-1-un-24710.html,2026-08-15T15:25:15.275091
maxiconsumo,sucursal_trelew,24709,PARLANTE PHILCO PARTY CON BLUETOOTH 1 UN,https://www.maxiconsumo.com/sucursal_trelew/electro.html,False,,,,,https://www.maxiconsumo.com/sucursal_trelew/electro/parlante-philco-party-con-bluetooth-1-un-24709.html,2026-08-15T15:25:15.275272
maxiconsumo,sucursal_trelew,24586,PARLANTE PHILCO BLUETOOTH 500W,https://www.maxiconsumo.com/sucursal_trelew/electro.html,False,,,,,https://www.maxiconsumo.com/sucursal_trelew/electro/parlante-philco-bluetooth-500w-24586.html,2026-08-15T15:25:15.275440
maxiconsumo,sucursal_trelew,28018,BALANZA ULTRACOMB COCINA DIGITAL,https://www.maxiconsumo.com/sucursal_trelew/electro.html,False,,,,,https://www.maxiconsumo.com/sucursal_trelew/electro/balanza-ultracomb-cocina-digital-28018.html,2026-08-15T15:25:15.275612
maxiconsumo,sucursal_trelew,24272,BATIDORA ATMA 300 WT,https://www.maxiconsumo.com/sucursal_trelew/electro.html,False,,,,,https://www.maxiconsumo.com/sucursal_trelew/electro/batidora-atma-300-wt-24272.html,2026-08-15T15:25:15.275782
maxiconsumo,sucursal_trelew,28019,BATIDORA ULTRACOMB 500W,https://www.maxiconsumo.com/sucursal_trelew/electro.html,False,,,,,https://www.maxiconsumo.com/sucursal_trelew/electro/batidora-ultracomb-500w-28019.html,2026-08-15T15:25:15.275950
maxiconsumo,sucursal_trelew,28283,CAFETERA YELMO CA 7115 1.8 LT 1 UN,https://www.maxiconsumo.com/sucursal_trelew/electro.html,False,,,,,https://www.maxiconsumo.com/sucursal_trelew/electro/cafetera-yelmo-ca-7115-1-8-lt-1-un-28283.html,2026-08-15T15:25:15.276124
maxiconsumo,sucursal_trelew,28020,CAFETERA ULTRACOMB - YELMO 12 POCILLOS 800W 1 UN,https://www.maxiconsumo.com/sucursal_trelew/electro.html,False,,,,,https://www.maxiconsumo.com/sucursal_trelew/electro/cafetera-ultracomb-yelmo-12-pocillos-800w-1-un-28020.html,2026-08-15T15:25:15.276297
maxiconsumo,sucursal_trelew,28279,ANAFE ULTRACOMB ELECTRICO 2H AN6600,https://www.maxiconsumo.com/sucursal_trelew/electro.html,False,,,,,https://www.maxiconsumo.com/sucursal_trelew/electro/anafe-ultracomb-electrico-2h-an6600-28279.html,2026-08-15T15:25:15.276467
maxiconsumo,sucursal_trelew,24511,FREIDORA DE AIRE ATMA 6.5 LT 1 UN,https://www.maxiconsumo.com/sucursal_trelew/electro.html,False,,,,,https://www.maxiconsumo.com/sucursal_trelew/electro/freidora-de-aire-atma-6-5-lt-1-un-24511.html,2026-08-15T15:25:15.276636
maxiconsumo,sucursal_trelew,28215,CORTADORA DE PELO ULTRACOMB 1 UN,https://www.maxiconsumo.com/sucursal_trelew/electro.html,False,,,,,https://www.maxiconsumo.com/sucursal_trelew/electro/cortadora-de-pelo-ultracomb-1-un-28215.html,2026-08-15T15:25:15.276804
maxiconsumo,sucursal_trelew,28216,CORTADORA DE PELO YELMO INALAMBRICA,https://www.maxiconsumo.com/sucursal_trelew/electro.html,False,,,,,https://www.maxiconsumo.com/sucursal_trelew/electro/cortadora-de-pelo-yelmo-inalambrica-28216.html,2026-08-15T15:25:15.276978
maxiconsumo,sucursal_trelew,24478,CORTADORA DE PELO ALLURE TRIMMER PROFESIONAL 1 UN,https://www.maxiconsumo.com/sucursal_trelew/electro.html,False,,,,,https://www.maxiconsumo.com/sucursal_trelew/electro/cortadora-de-pelo-allure-trimmer-profesional-1-un-24478.html,2026-08-15T15:25:15.277155
maxiconsumo,sucursal_trelew,24266,CORTADORA DE PELO ALLURE PROFESIONAL 1 UN,https://www.maxiconsumo.com/sucursal_trelew/electro.html,False,,,,,https://www.maxiconsumo.com/sucursal_trelew/electro/cortadora-de-pelo-allure-profesional-1-un-24266.html,2026-08-15T15:25:15.277326
maxiconsumo,sucursal_trelew,24265,SECADOR DE PELO ATMA STYLE 1300 WT,https://www.maxiconsumo.com/sucursal_trelew/electro.html,False,,,,,https://www.maxiconsumo.com/sucursal_trelew/electro/secador-de-pelo-atma-style-1300-wt-24265.html,2026-08-15T15:25:15.277495
maxiconsumo,sucursal_trelew,24707,AURICULAR NOBLEX BLUETOOTH 1 UN,https://www.maxiconsumo.com/sucursal_trelew/electro.html,False,,,,,https://www.maxiconsumo.com/sucursal_trelew/electro/auricular-noblex-bluetooth-1-un-24707.html,2026-08-15T15:25:15.277662
maxiconsumo,sucursal_trelew,28028,ASPIRADORA ULTRACOMB SIN BOLSA 1600W,https://www.maxiconsumo.com/sucursal_trelew/electro.html,False,,,,,https://www.maxiconsumo.com/sucursal_trelew/electro/aspiradora-ultracomb-sin-bolsa-1600w-28028.html,2026-08-15T15:25:15.277829
maxiconsumo,sucursal_trelew,28021,EXPRIMIDOR ELECTRICO ULTRACOMB 25W,https://www.maxiconsumo.com/sucursal_trelew/electro.html,False,,,,,https://www.maxiconsumo.com/sucursal_trelew/electro/exprimidor-electrico-ultracomb-25w-28021.html,2026-08-15T15:25:15.277997
maxiconsumo,sucursal_trelew,28280,HORNO ELECTRICO ULTRACOMB 17 LTS 1 UN,https://www.maxiconsumo.com/sucursal_trelew/electro.html,False,,,,,https://www.maxiconsumo.com/sucursal_trelew/electro/horno-electrico-ultracomb-17-lts-1-un-28280.html,2026-08-15T15:25:15.278166
maxiconsumo,sucursal_trelew,24274,HORNO ELECTRICO ATMA GRILL 30 LT,https://www.maxiconsumo.com/sucursal_trelew/electro.html,False,,,,,https://www.maxiconsumo.com/sucursal_trelew/electro/horno-electrico-atma-grill-30-lt-24274.html,2026-08-15T15:25:15.278335
maxiconsumo,sucursal_trelew,28663,HORNO ELECTRICO ATMA 30 LT,https://www.maxiconsumo.com/sucursal_trelew/electro.html,False,,,,,https://www.maxiconsumo.com/sucursal_trelew/electro/horno-electrico-atma-30-lt-28663.html,2026-08-15T15:25:15.278505
maxiconsumo,sucursal_trelew,24476,HORNO ELECTRICO ATMA AIR FRYER 11.6 L,https://www.maxiconsumo.com/sucursal_trelew/electro.html,False,,,,,https://www.maxiconsumo.com/sucursal_trelew/electro/horno-electrico-atma-air-fryer-11-6-l-24476.html,2026-08-15T15:25:15.278674
maxiconsumo,sucursal_trelew,28662,HORNO ELECTRICO ATMA 45 LT,https://www.maxiconsumo.com/sucursal_trelew/electro.html,False,,,,,https://www.maxiconsumo.com/sucursal_trelew/electro/horno-electrico-atma-45-lt-28662.html,2026-08-15T15:25:15.278841
maxiconsumo,sucursal_trelew,28032,HORNO ELECTRICO ULTRACOMB 45 LTS,https://www.maxiconsumo.com/sucursal_trelew/electro.html,False,,,,,https://www.maxiconsumo.com/sucursal_trelew/electro/horno-electrico-ultracomb-45-lts-28032.html,2026-08-15T15:25:15.279009
maxiconsumo,sucursal_trelew,24583,FREIDORA DE AIRE Y GRILL DIGITAL 6.2 LT 1 UN,https://www.maxiconsumo.com/sucursal_trelew/electro.html,False,,,,,https://www.maxiconsumo.com/sucursal_trelew/electro/freidora-de-aire-y-grill-digital-6-2-lt-1-un-24583.html,2026-08-15T15:25:15.279184
maxiconsumo,sucursal_trelew,28281,HORNO ELECTRICO YELMO 45LTS ANAFE 1 UN,https://www.maxiconsumo.com/sucursal_trelew/electro.html,False,,,,,https://www.maxiconsumo.com/sucursal_trelew/electro/horno-electrico-yelmo-45lts-anafe-1-un-28281.html,2026-08-15T15:25:15.279356
maxiconsumo,sucursal_trelew,28022,LICUADORA ULTRACOMB 1.5L 600W,https://www.maxiconsumo.com/sucursal_trelew/electro.html,False,,,,,https://www.maxiconsumo.com/sucursal_trelew/electro/licuadora-ultracomb-1-5l-600w-28022.html,2026-08-15T15:25:15.279524
maxiconsumo,sucursal_trelew,27875,MICROONDAS KELVINATOR 20 LT,https://www.maxiconsumo.com/sucursal_trelew/electro.html,False,,,,,https://www.maxiconsumo.com/sucursal_trelew/electro/microondas-kelvinator-20-lt-27875.html,2026-08-15T15:25:15.279693
maxiconsumo,sucursal_trelew,28661,MICROONDAS ATMA DIGITAL 20 LT,https://www.maxiconsumo.com/sucursal_trelew/electro.html,False,,,,,https://www.maxiconsumo.com/sucursal_trelew/electro/microondas-atma-digital-20-lt-28661.html,2026-08-15T15:25:15.279860
maxiconsumo,sucursal_trelew,28282,PICADORA ULTRACOMB ALIMENTOS 1 UN,https://www.maxiconsumo.com/sucursal_trelew/electro.html,False,,,,,https://www.maxiconsumo.com/sucursal_trelew/electro/picadora-ultracomb-alimentos-1-un-28282.html,2026-08-15T15:25:15.280028
maxiconsumo,sucursal_trelew,28023,MIXER ULTRACOMB 800W,https://www.maxiconsumo.com/sucursal_trelew/electro.html,False,,,,,https://www.maxiconsumo.com/sucursal_trelew/electro/mixer-ultracomb-800w-28023.html,2026-08-15T15:25:15.280196
maxiconsumo,sucursal_trelew,28029,MIXER ULTRACOMB 1000W CON ACCESORIOS,https://www.maxiconsumo.com/sucursal_trelew/electro.html,False,,,,,https://www.maxiconsumo.com/sucursal_trelew/electro/mixer-ultracomb-1000w-con-accesorios-28029.html,2026-08-15T15:25:15.280365
maxiconsumo,sucursal_trelew,28184,PARLANT CROWN MUST DOOS C/BT,https://www.maxiconsumo.com/sucursal_trelew/electro.html,False,,,,,https://www.maxiconsumo.com/sucursal_trelew/electro/parlant-crown-must-doos-c-bt-28184.html,2026-08-15T15:25:15.280532
maxiconsumo,sucursal_trelew,28251,PARLANTE CROWN MUSTANG UNOO 5 W CON BLUETOOTH,https://www.maxiconsumo.com/sucursal_trelew/electro.html,False,,,,,https://www.maxiconsumo.com/sucursal_trelew/electro/parlante-crown-mustang-unoo-5-w-con-bluetooth-28251.html,2026-08-15T15:25:15.280701
maxiconsumo,sucursal_trelew,28030,PAVA ELECTRICA YELMO MATERA,https://www.maxiconsumo.com/sucursal_trelew/electro.html,False,,,,,https://www.maxiconsumo.com/sucursal_trelew/electro/pava-electrica-yelmo-matera-28030.html,2026-08-15T15:25:15.280877
maxiconsumo,sucursal_trelew,28024,PAVA ELECTRICA ULTRACOMB AC CON CORTE 2200W 1.7 LTR,https://www.maxiconsumo.com/sucursal_trelew/electro.html,False,,,,,https://www.maxiconsumo.com/sucursal_trelew/electro/pava-electrica-ultracomb-ac-con-corte-2200w-1-7-ltr-28024.html,2026-08-15T15:25:15.281049
maxiconsumo,sucursal_trelew,24269,TOSTADORA ATMA 700 W 1 UN,https://www.maxiconsumo.com/sucursal_trelew/electro.html,False,,,,,https://www.maxiconsumo.com/sucursal_trelew/electro/tostadora-atma-700-w-1-un-24269.html,2026-08-15T15:25:15.281217
maxiconsumo,sucursal_trelew,28016,ANAFE ULTRACOMB ELECTRICO 1500W 1 HORNALLA,https://www.maxiconsumo.com/sucursal_trelew/electro.html,False,,,,,https://www.maxiconsumo.com/sucursal_trelew/electro/anafe-ultracomb-electrico-1500w-1-hornalla-28016.html,2026-08-15T15:25:15.281385
maxiconsumo,sucursal_trelew,28027,ASPIRADORA YELMO INALAMBRICA USB,https://www.maxiconsumo.com/sucursal_trelew/electro.html,False,,,,,https://www.maxiconsumo.com/sucursal_trelew/electro/aspiradora-yelmo-inalambrica-usb-28027.html,2026-08-15T15:25:15.281554
maxiconsumo,sucursal_trelew,28017,ASPIRADORA YELMO TAMBOR 16L 1200W,https://www.maxiconsumo.com/sucursal_trelew/electro.html,False,,,,,https://www.maxiconsumo.com/sucursal_trelew/electro/aspiradora-yelmo-tambor-16l-1200w-28017.html,2026-08-15T15:25:15.281722
maxiconsumo,sucursal_trelew,28213,PLANCHITA YELMO TOURMALINE CERAMICA 1 UN,https://www.maxiconsumo.com/sucursal_trelew/electro.html,False,,,,,https://www.maxiconsumo.com/sucursal_trelew/electro/planchita-yelmo-tourmaline-ceramica-1-un-28213.html,2026-08-15T15:25:15.281891
maxiconsumo,sucursal_trelew,28214,PLANCHITA YELMO TOURMALINE LED 1 UN,https://www.maxiconsumo.com/sucursal_trelew/electro.html,False,,,,,https://www.maxiconsumo.com/sucursal_trelew/electro/planchita-yelmo-tourmaline-led-1-un-28214.html,2026-08-15T15:25:15.282059
maxiconsumo,sucursal_trelew,28025,SANDWICHERA YELMO,https://www.maxiconsumo.com/sucursal_trelew/electro.html,False,,,,,https://www.maxiconsumo.com/sucursal_trelew/electro/sandwichera-yelmo-28025.html,2026-08-15T15:25:15.282227
maxiconsumo,sucursal_trelew,28031,SANDWICHERA ULTRACOMB 3 EN 1,https://www.maxiconsumo.com/sucursal_trelew/electro.html,False,,,,,https://www.maxiconsumo.com/sucursal_trelew/electro/sandwichera-ultracomb-3-en-1-28031.html,2026-08-15T15:25:15.282395
maxiconsumo,sucursal_trelew,28210,SECADOR DE PELO YELMO 2V PLEGABLE 1 UN,https://www.maxiconsumo.com/sucursal_trelew/electro.html,False,,,,,https://www.maxiconsumo.com/sucursal_trelew/electro/secador-de-pelo-yelmo-2v-plegable-1-un-28210.html,2026-08-15T15:25:15.282563
maxiconsumo,sucursal_trelew,28212,SECADOR DE PELO YELMO CON MODELADOR 1 UN,https://www.maxiconsumo.com/sucursal_trelew/electro.html,False,,,,,https://www.maxiconsumo.com/sucursal_trelew/electro/secador-de-pelo-yelmo-con-modelador-1-un-28212.html,2026-08-15T15:25:15.282732
maxiconsumo,sucursal_trelew,24263,SECADOR DE PELO REVLON CON MODELADOR 1 UN,https://www.maxiconsumo.com/sucursal_trelew/electro.html,False,,,,,https://www.maxiconsumo.com/sucursal_trelew/electro/secador-de-pelo-revlon-con-modelador-1-un-24263.html,2026-08-15T15:25:15.282907
maxiconsumo,sucursal_trelew,28211,SECADOR DE PELO YELMO 2V 3T SHOOT,https://www.maxiconsumo.com/sucursal_trelew/electro.html,False,,,,,https://www.maxiconsumo.com/sucursal_trelew/electro/secador-de-pelo-yelmo-2v-3t-shoot-28211.html,2026-08-15T15:25:15.283077
maxiconsumo,sucursal_trelew,28026,TOSTADORA YELMO,https://www.maxiconsumo.com/sucursal_trelew/electro.html,False,,,,,https://www.maxiconsumo.com/sucursal_trelew/electro/tostadora-yelmo-28026.html,2026-08-15T15:25:15.283245
maxiconsumo,sucursal_trelew,27168,TV HYUNDAI 40 AND.FHD,https://www.maxiconsumo.com/sucursal_trelew/electro.html,False,,,,,,2026-08-15T15:25:15.283414
maxiconsumo,sucursal_trelew,26643,TV HYUNDAI 43 SMART FHD,https://www.maxiconsumo.com/sucursal_trelew/electro.html,False,,,,,https://www.maxiconsumo.com/sucursal_trelew/electro/tv-hyundai-43-smart-fhd-26643.html,2026-08-15T15:25:15.283581
maxiconsumo,sucursal_trelew,24605,"TV NOBLEX 32"" FHD 1 UN",https://www.maxiconsumo.com/sucursal_trelew/electro.html,False,,,,,https://www.maxiconsumo.com/sucursal_trelew/electro/tv-noblex-32-fhd-1-un-24605.html,2026-08-15T15:25:15.283749
maxiconsumo,sucursal_trelew,26644,TV HYUNDAI 50 SMART UHD,https://www.maxiconsumo.com/sucursal_trelew/electro.html,False,,,,,https://www.maxiconsumo.com/sucursal_trelew/electro/tv-hyundai-50-smart-uhd-26644.html,2026-08-15T15:25:15.283949
maxiconsumo,sucursal_trelew,26645,TV HYUNDAI 58 SMART UHD,https://www.maxiconsumo.com/sucursal_trelew/electro.html,False,,,,,https://www.maxiconsumo.com/sucursal_trelew/electro/tv-hyundai-58-smart-uhd-26645.html,2026-08-15T15:25:15.284246
maxiconsumo,sucursal_trelew,27442,TV HITACHI 55 GOOGLE TV 4K 1 UN,https://www.maxiconsumo.com/sucursal_trelew/electro.html,False,,,,,https://www.maxiconsumo.com/sucursal_trelew/electro/tv-hitachi-55-google-tv-4k-1-un-27442.html,2026-08-15T15:25:15.284437
maxiconsumo,sucursal_trelew,24992,"TV NOBLEX 58"" ANDROID 4K 1 UN",https://www.maxiconsumo.com/sucursal_trelew/electro.html,False,,,,,https://www.maxiconsumo.com/sucursal_trelew/electro/tv-noblex-58-android-4k-1-un-24992.html,2026-08-15T15:25:15.284617
maxiconsumo,sucursal_trelew,24277,"VENTILADOR PHILCO PIE 20"" 1 UN",https://www.maxiconsumo.com/sucursal_trelew/electro.html,False,,,,,https://www.maxiconsumo.com/sucursal_trelew/electro/ventilador-philco-pie-20-1-un-24277.html,2026-08-15T15:25:15.284798
